character_id,tag_code,file,width,height
21,21,image_0021.jpg,32,32
24,21,image_0024.jpg,32,32
33,21,image_0033.jpg,32,32
38,21,image_0038.jpg,32,32
42,21,image_0042.jpg,32,32
46,20,image_0046.png,65,65
49,36,image_0049.png,152,115
51,36,image_0051.png,152,115
53,36,image_0053.png,152,115
55,36,image_0055.png,152,115
57,36,image_0057.png,152,115
59,36,image_0059.png,152,115
61,36,image_0061.png,152,115
63,36,image_0063.png,152,115
65,36,image_0065.png,152,115
67,36,image_0067.png,152,115
69,36,image_0069.png,152,115
71,36,image_0071.png,152,115
73,36,image_0073.png,152,115
75,36,image_0075.png,152,115
77,36,image_0077.png,152,115
79,36,image_0079.png,152,115
81,36,image_0081.png,152,115
83,36,image_0083.png,152,115
85,36,image_0085.png,152,115
87,36,image_0087.png,152,115
89,36,image_0089.png,152,115
91,36,image_0091.png,152,115
93,36,image_0093.png,152,115
95,36,image_0095.png,152,115
97,36,image_0097.png,101,132
99,36,image_0099.png,67,173
101,36,image_0101.png,91,167
103,36,image_0103.png,152,115
105,36,image_0105.png,69,114
107,36,image_0107.png,69,114
110,36,image_0110.png,152,115
112,36,image_0112.png,152,115
114,36,image_0114.png,152,115
116,36,image_0116.png,152,115
127,36,image_0127.png,186,173
129,36,image_0129.png,186,173
140,21,image_0140.jpg,64,64
142,21,image_0142.jpg,64,64
144,21,image_0144.jpg,64,64
146,21,image_0146.jpg,64,64
148,21,image_0148.jpg,64,64
150,21,image_0150.jpg,64,64
152,21,image_0152.jpg,64,64
154,21,image_0154.jpg,64,64
156,21,image_0156.jpg,64,64
158,21,image_0158.jpg,64,64
160,21,image_0160.jpg,64,64
162,21,image_0162.jpg,64,64
165,6,image_0165.jpg,64,64
167,21,image_0167.jpg,64,64
169,21,image_0169.jpg,64,64
171,21,image_0171.jpg,64,64
173,21,image_0173.jpg,64,64
175,6,image_0175.jpg,64,64
177,21,image_0177.jpg,64,64
179,21,image_0179.jpg,64,64
181,6,image_0181.jpg,64,64
183,6,image_0183.jpg,64,64
185,21,image_0185.jpg,64,64
187,21,image_0187.jpg,64,64
190,21,image_0190.jpg,64,64
192,21,image_0192.jpg,64,64
194,21,image_0194.jpg,64,64
196,21,image_0196.jpg,64,64
198,6,image_0198.jpg,64,64
200,21,image_0200.jpg,64,64
202,6,image_0202.jpg,64,64
204,6,image_0204.jpg,64,64
206,6,image_0206.jpg,64,64
208,6,image_0208.jpg,64,64
210,21,image_0210.jpg,64,64
212,21,image_0212.jpg,64,64
215,21,image_0215.jpg,64,64
217,21,image_0217.jpg,64,64
219,21,image_0219.jpg,64,64
221,21,image_0221.jpg,64,64
223,21,image_0223.jpg,64,64
225,21,image_0225.jpg,64,64
227,21,image_0227.jpg,64,64
229,21,image_0229.jpg,64,64
231,6,image_0231.jpg,64,64
233,6,image_0233.jpg,64,64
235,20,image_0235.png,64,64
237,21,image_0237.jpg,64,64
240,21,image_0240.jpg,64,64
242,21,image_0242.jpg,64,64
244,21,image_0244.jpg,64,64
246,21,image_0246.jpg,64,64
248,21,image_0248.jpg,64,64
250,21,image_0250.jpg,64,64
252,21,image_0252.jpg,64,64
254,21,image_0254.jpg,64,64
256,21,image_0256.jpg,64,64
258,6,image_0258.jpg,64,64
260,20,image_0260.png,64,64
262,21,image_0262.jpg,64,64
265,21,image_0265.jpg,64,64
267,21,image_0267.jpg,64,64
269,21,image_0269.jpg,64,64
271,6,image_0271.jpg,64,64
273,6,image_0273.jpg,64,64
275,6,image_0275.jpg,64,64
277,21,image_0277.jpg,64,64
279,21,image_0279.jpg,64,64
281,21,image_0281.jpg,64,64
283,21,image_0283.jpg,64,64
285,6,image_0285.jpg,64,64
287,6,image_0287.jpg,64,64
290,6,image_0290.jpg,32,32
293,21,image_0293.jpg,32,32
296,21,image_0296.jpg,32,32
299,21,image_0299.jpg,32,32
302,21,image_0302.jpg,32,32
305,21,image_0305.jpg,32,32
307,21,image_0307.jpg,32,32
309,21,image_0309.jpg,32,32
311,21,image_0311.jpg,32,32
314,21,image_0314.jpg,64,64
317,21,image_0317.jpg,32,32
319,21,image_0319.jpg,32,32
321,21,image_0321.jpg,32,32
323,21,image_0323.jpg,32,32
326,21,image_0326.jpg,32,32
328,21,image_0328.jpg,32,32
330,21,image_0330.jpg,32,32
333,21,image_0333.jpg,32,32
335,21,image_0335.jpg,32,32
337,21,image_0337.jpg,32,32
339,21,image_0339.jpg,32,32
342,21,image_0342.jpg,32,32
344,21,image_0344.jpg,32,32
346,21,image_0346.jpg,32,32
348,21,image_0348.jpg,32,32
351,21,image_0351.jpg,32,32
353,21,image_0353.jpg,32,32
355,21,image_0355.jpg,32,32
357,21,image_0357.jpg,32,32
360,21,image_0360.jpg,64,64
363,20,image_0363.png,32,32
366,20,image_0366.png,32,32
368,20,image_0368.png,32,32
370,20,image_0370.png,32,32
372,20,image_0372.png,32,32
375,21,image_0375.jpg,32,32
379,21,image_0379.jpg,32,32
382,21,image_0382.jpg,32,32
386,21,image_0386.jpg,700,550
394,21,image_0394.jpg,700,550
413,21,image_0413.jpg,700,550
419,36,image_0419.png,120,130
421,36,image_0421.png,120,130
423,36,image_0423.png,120,130
425,36,image_0425.png,120,130
427,36,image_0427.png,120,130
429,36,image_0429.png,120,130
431,36,image_0431.png,120,130
447,36,image_0447.png,128,132
449,36,image_0449.png,83,144
451,36,image_0451.png,128,121
453,36,image_0453.png,83,124
455,36,image_0455.png,57,161
457,36,image_0457.png,58,162
465,36,image_0465.png,73,136
467,36,image_0467.png,73,136
470,36,image_0470.png,73,136
472,36,image_0472.png,73,136
475,36,image_0475.png,146,124
477,36,image_0477.png,146,124
479,36,image_0479.png,146,124
482,36,image_0482.png,149,126
484,36,image_0484.png,149,126
486,36,image_0486.png,149,126
489,36,image_0489.png,178,166
491,36,image_0491.png,178,166
493,36,image_0493.png,178,166
497,36,image_0497.png,183,162
499,36,image_0499.png,183,162
503,36,image_0503.png,189,271
505,36,image_0505.png,189,271
507,36,image_0507.png,189,271
509,36,image_0509.png,189,271
553,21,image_0553.jpg,40,40
556,21,image_0556.jpg,40,40
558,21,image_0558.jpg,40,40
578,21,image_0578.jpg,32,32
611,21,image_0611.jpg,32,32
614,21,image_0614.jpg,32,32
617,21,image_0617.jpg,32,32
620,21,image_0620.jpg,32,32
623,21,image_0623.jpg,32,32
629,6,image_0629.jpg,32,32
633,21,image_0633.jpg,32,32
698,21,image_0698.jpg,40,40
703,21,image_0703.jpg,40,40
708,21,image_0708.jpg,40,40
713,21,image_0713.jpg,40,40
718,21,image_0718.jpg,40,40
726,20,image_0726.png,40,40
738,21,image_0738.jpg,63,58
740,21,image_0740.jpg,63,61
742,21,image_0742.jpg,64,61
744,21,image_0744.jpg,64,58
746,21,image_0746.jpg,64,62
748,21,image_0748.jpg,64,62
750,21,image_0750.jpg,63,58
836,21,image_0836.jpg,64,64
838,21,image_0838.jpg,64,64
840,21,image_0840.jpg,64,64
842,21,image_0842.jpg,128,128
844,21,image_0844.jpg,64,64
846,21,image_0846.jpg,64,64
848,21,image_0848.jpg,64,64
850,21,image_0850.jpg,64,64
852,21,image_0852.jpg,64,64
854,21,image_0854.jpg,64,64
856,21,image_0856.jpg,64,64
858,21,image_0858.jpg,64,64
860,21,image_0860.jpg,64,64
862,21,image_0862.jpg,64,64
864,21,image_0864.jpg,64,64
866,21,image_0866.jpg,64,62
868,21,image_0868.jpg,128,128
870,21,image_0870.jpg,128,128
872,21,image_0872.jpg,64,64
875,21,image_0875.jpg,64,64
1040,21,image_1040.jpg,701,547
1057,36,image_1057.png,32,32
1059,36,image_1059.png,32,32
1061,36,image_1061.png,32,32
1063,36,image_1063.png,32,32
1066,21,image_1066.jpg,700,550
1072,36,image_1072.png,101,132
1076,36,image_1076.png,58,111
1086,36,image_1086.png,66,130
1091,21,image_1091.jpg,700,550
1097,21,image_1097.jpg,700,550
1101,36,image_1101.png,51,70
1104,36,image_1104.png,46,70
1106,36,image_1106.png,46,70
1108,36,image_1108.png,51,70
1110,36,image_1110.png,55,70
1114,21,image_1114.jpg,700,550
1123,36,image_1123.png,91,92
1126,36,image_1126.png,55,108
1130,36,image_1130.png,51,111
1134,36,image_1134.png,54,111
1138,36,image_1138.png,32,116
1142,36,image_1142.png,52,115
1147,36,image_1147.png,52,102
1151,36,image_1151.png,39,108
1156,36,image_1156.png,52,114
1171,36,image_1171.png,42,130
1175,21,image_1175.jpg,700,550
1177,36,image_1177.png,67,173
1191,36,image_1191.png,79,150
1197,36,image_1197.png,177,119
1198,36,image_1198.png,184,146
1201,36,image_1201.png,79,136
1203,36,image_1203.png,79,136
1213,36,image_1213.png,100,100
1215,36,image_1215.png,100,100
1217,36,image_1217.png,100,100
1219,36,image_1219.png,100,100
1226,21,image_1226.jpg,700,550
1231,36,image_1231.png,125,232
1236,21,image_1236.jpg,700,550
1242,21,image_1242.jpg,700,550
1252,21,image_1252.jpg,700,550
1262,21,image_1262.jpg,700,550
1268,21,image_1268.jpg,700,550
1271,21,image_1271.jpg,700,550
1276,21,image_1276.jpg,700,550
1278,21,image_1278.jpg,700,550
1281,21,image_1281.jpg,700,550
1287,21,image_1287.jpg,700,550
1292,21,image_1292.jpg,700,550
1294,21,image_1294.jpg,700,550
1297,21,image_1297.jpg,700,550
1299,21,image_1299.jpg,700,550
